{"c44": 52.14121973311008, "c12": 168.91772498793256, "c11": 190.1066901594726, "B": 175.9807133784459, "E_vs_V": [[11.897431653677238, -1592.6141816099248], [12.294012708799817, -1592.8042383811674], [12.690593763922392, -1592.987881659633], [13.087174819044966, -1593.1518369372159], [13.483755874167532, -1593.289748303748], [13.880336929290115, -1593.4000338523554], [14.276917984412696, -1593.4839828146153], [14.673499039535265, -1593.543647749001], [15.07008009465784, -1593.581781500691], [15.466661149780407, -1593.6014380228503], [15.86324220490299, -1593.607063555236], [16.25982326002556, -1593.6021248607271], [16.656404315148134, -1593.5888314399351], [17.052985370270715, -1593.569087177684], [17.449566425393304, -1593.5444993942951], [17.846147480515853, -1593.5163996888161], [18.24272853563844, -1593.485871126269], [18.639309590761012, -1593.4537780719368], [19.035890645883576, -1593.4207962419057], [19.43247170100616, -1593.3874414419383], [19.829052756128746, -1593.354096100383]]}