{"c44": 35.493790000000004, "B": 131.49022682604038, "E_vs_V": [[12.018373421516989, -1593.037333909], [12.418985868900876, -1593.1742714805], [12.819598316284793, -1593.2844704715], [13.220210763668693, -1593.380530474], [13.620823211052588, -1593.4590755205], [14.021435658436495, -1593.5220106265], [14.422048105820384, -1593.57105999], [14.82266055320429, -1593.6075256835], [15.22327300058819, -1593.6327218035], [15.62388544797209, -1593.647892479], [16.02449789535599, -1593.6539256295], [16.425110342739885, -1593.651906962], [16.82572279012379, -1593.6412581575], [17.22633523750769, -1593.6253873155], [17.62694768489158, -1593.603711264], [18.027560132275486, -1593.5768048075], [18.4281725796594, -1593.545308712], [18.82878502704327, -1593.5096626845], [19.22939747442719, -1593.4703538445], [19.630009921811094, -1593.4278565545], [20.030622369194987, -1593.3825129915]], "c66": 62.423080000000006, "c13": 96.83960999999991, "c12": 83.64840999999991, "c11": 208.95110999999983, "c33": 211.62036999999978}