{"E_tot": [-851.6415319460001, -851.641531965, -851.64153144, -851.641530282, -851.641528383, -851.641525613, -851.64152185, -851.6415168139999, -851.6415103510001, -851.641502523, -851.6414931510001, -851.641482182, -851.641469945, -851.6414566669999, -851.641442247, -851.641427319, -851.641412251, -851.6413975710001, -851.641383638, -851.641370952, -851.638526752, -851.63851772, -851.638511038, -851.638506883, -851.638505276, -851.638506181, -851.638509383, -851.638514608, -851.63852153, -851.638529792, -851.638538974, -851.6385487819999, -851.6385587960001, -851.638568736, -851.63857834, -851.638587412, -851.6385957480001, -851.638603308, -851.638609983, -851.63861578, -851.635852465, -851.635856397, -851.6358594389999, -851.635861647, -851.63586304, -851.6358636780001, -851.635863578, -851.6358628119999, -851.6358614110001, -851.635859512, -851.63585711, -851.6358542830001, -851.635851158, -851.6358478310001, -851.635844292, -851.635840656, -851.6358370519999, -851.635833595, -851.635830319, -851.635827329, -851.6327819589999, -851.632779705, -851.632777864, -851.63277643, -851.6327754639999, -851.632774955, -851.63277479, -851.6327749769999, -851.6327754560001, -851.632776131, -851.632777027, -851.632778112, -851.6327792389999, -851.632780384, -851.632781565, -851.632782623, -851.63278363, -851.632784536, -851.632785313, -851.6327859239999, -851.629788131, -851.629788472, -851.629788605, -851.6297885339999, -851.629788382, -851.6297881060001, -851.629787713, -851.629787279, -851.6297868539999, -851.6297863660001, -851.62978595, -851.629785514, -851.629785074, -851.629784805, -851.629784652, -851.62978472, -851.629785067, -851.62978552, -851.629786146, -851.629787012], "P": [-0.00655866913676, -0.00611490202038, -0.005378346196670001, -0.004354804720520001, -0.0030531133088699995, -0.0014852703861700002, 0.000333147602, 0.00238423888479, 0.00465026038024, 0.007107306657310001, 0.00973021695035, 0.0124950334413, 0.015366689349799999, 0.0183013661855, 0.0212627770673, 0.0242175574135, 0.027117727256800003, 0.029918663384500003, 0.0325832931808, 0.035075636446500004, 0.0373842087489, 0.039465035885, 0.0412961472904, 0.042858477664, 0.044147781997499996, 0.0451570181176, 0.045888924567499996, 0.04635099781930001, 0.0465567658892, 0.0465232079985, 0.0462724033528, 0.045829453493300004, 0.0452192705461, 0.0444686504673, 0.0436060859693, 0.042658581106900004, 0.041655372877, 0.040620548424199994, 0.0395750354951, 0.038542587120099996, 0.0375374251765, 0.0365857135604, 0.0357000087531, 0.034889416646300006, 0.0341678539501, 0.0335392908808, 0.033007966375199996, 0.0325791121255, 0.0322501240368, 0.0320178257344, 0.031878155169099996, 0.03182396822, 0.0318500570292, 0.031948524871299996, 0.0321112326566, 0.0323269389561, 0.0325839453676, 0.032873657838599996, 0.033185827738799994, 0.0335092775788, 0.0338398830309, 0.0341661178199, 0.0344801732672, 0.0347772582929, 0.0350543254553, 0.035304546083, 0.035522187277900005, 0.035705159635999996, 0.0358504193433, 0.035959947131500004, 0.0360289358234, 0.0360598124274, 0.0360552813178, 0.036014385596500005, 0.035942054147000004, 0.035838655907099996, 0.0357070985565, 0.0355507798374, 0.0353700160583, 0.0351674555909, 0.0349426117166, 0.0347016035821, 0.0344447061895, 0.0341757140513, 0.0339015081242, 0.0336171660479, 0.033324917226299995, 0.0330276551696, 0.032724391192200004, 0.0324147174808, 0.0321022847334, 0.031786815421500005, 0.0314654560127, 0.031139090543900003, 0.030811893237999998, 0.0304820253574, 0.0301515341305, 0.0298229952434, 0.0294984434626, 0.029179072241599997], "E_kin": [0.408011253583, 0.4056366971, 0.40168497558, 0.396172509988, 0.38912757871799997, 0.380591824092, 0.370621957055, 0.359291821187, 0.34669498638999996, 0.332946468025, 0.318183687673, 0.302567639492, 0.286281871196, 0.269529165972, 0.252528913535, 0.235514450902, 0.218726765409, 0.202407116967, 0.18679067446199998, 0.172099289192, 0.161247943589, 0.14885828830199999, 0.137906144074, 0.128496868948, 0.120696069236, 0.114528884862, 0.109980962594, 0.107001380192, 0.105506785624, 0.105386464716, 0.106508006703, 0.10872315666200001, 0.111873530799, 0.115795992876, 0.120327651325, 0.125309979748, 0.130592080665, 0.136033448591, 0.141505875098, 0.146894616171, 0.154907543079, 0.159863072839, 0.164458447076, 0.168636974414, 0.17235567687800002, 0.175585113702, 0.17830888109, 0.180522496255, 0.18223285116500001, 0.183457376274, 0.18422269586399997, 0.184563627113, 0.18452219862799998, 0.18414607491, 0.183487035724, 0.182600079414, 0.181542080879, 0.180369927761, 0.179138771895, 0.1779008069, 0.179729758562, 0.178586904342, 0.17755195402899998, 0.17665550847, 0.17592151507599998, 0.175367071605, 0.175002501861, 0.17483198294500002, 0.174854346297, 0.175063736338, 0.17545033245799999, 0.17600103531800002, 0.17670008452999997, 0.17753013800200002, 0.17847324700300002, 0.17951164596000002, 0.18062807279100002, 0.181806100079, 0.183030860471, 0.184289453769, 0.18857282182100002, 0.189858552734, 0.19113856934700002, 0.192409233956, 0.19366932873599998, 0.194919548442, 0.196162577454, 0.197402523101, 0.198644043384, 0.19989230021600002, 0.20115279909400002, 0.20243077946899998, 0.203731371097, 0.205059016867, 0.206416219691, 0.207803311981, 0.20921806773899998, 0.210655197079, 0.212106849011, 0.213562327024], "E_pot": [-852.0495431989999, -852.047168662, -852.043216415, -852.037702792, -852.030655962, -852.022117437, -852.0121438069999, -852.000808635, -851.988205337, -851.974448991, -851.9596768389999, -851.944049822, -851.9277518160001, -851.910985833, -851.89397116, -851.87694177, -851.8601390160001, -851.843804688, -851.828174313, -851.813470241, -851.7997746960001, -851.787376008, -851.7764171819999, -851.7670037519999, -851.759201345, -851.753035066, -851.748490346, -851.7455159880001, -851.744028315, -851.743916256, -851.7450469810001, -851.7472719389999, -851.750432327, -851.7543647289999, -851.758905991, -851.763897392, -851.769187829, -851.7746367560001, -851.780115858, -851.7855103960001, -851.790760008, -851.79571947, -851.800317886, -851.8044986210001, -851.8082187169999, -851.8114487910001, -851.8141724589999, -851.816385308, -851.8180942619999, -851.819316888, -851.8200798060001, -851.82041791, -851.820373357, -851.819993906, -851.819331327, -851.818440735, -851.817379133, -851.816203522, -851.8149690910001, -851.813728136, -851.812511717, -851.811366609, -851.810329818, -851.809431938, -851.8086969789999, -851.808142026, -851.8077772910001, -851.80760696, -851.807629802, -851.8078398680001, -851.8082273589999, -851.808779147, -851.809479324, -851.810310522, -851.811254812, -851.812294269, -851.8134117019999, -851.814590636, -851.815816173, -851.817075378, -851.818360953, -851.8196470239999, -851.820927175, -851.822197768, -851.8234577110001, -851.8247076539999, -851.82595029, -851.827189802, -851.8284308980001, -851.8296786660001, -851.830938749, -851.832216293, -851.833516445, -851.8348438219999, -851.836200872, -851.837588032, -851.839003135, -851.840440717, -851.841892995, -851.8433493389999],