{"c44": 28.485054036994704, "B": 179.9767029626929, "E_vs_V": [[12.056221669594704, -1592.654482361371], [12.45809572524786, -1592.8419073543669], [12.859969780901016, -1593.019005287782], [13.261843836554172, -1593.1752921374275], [13.663717892207325, -1593.3052793807058], [14.065591947860485, -1593.4099310096692], [14.467466003513648, -1593.488897111467], [14.869340059166811, -1593.5446483847982], [15.271214114819955, -1593.5809718919177], [15.673088170473111, -1593.6007652712374], [16.07496222612627, -1593.6067467336607], [16.476836281779423, -1593.6014425358453], [16.878710337432587, -1593.5871294769204], [17.28058439308574, -1593.5658139564853], [17.682458448738895, -1593.5392337491628], [18.08433250439206, -1593.5088731306846], [18.48620656004521, -1593.4759851238334], [18.888080615698364, -1593.4416496005128], [19.289954671351527, -1593.4068700350892], [19.691828727004694, -1593.3722911754912], [20.093702782657836, -1593.3381933788646]], "c66": 43.953787700626236, "c13": 144.16569022006723, "c12": 157.08886654489706, "c11": 247.80094077779924, "c33": 235.47825971198523}