{"c44": 32.33661, "c12": 118.32602999999989, "c11": 119.4478399999999, "B": 118.69996666666657, "E_vs_V": [[11.897431653677238, -1593.0261048805], [12.294012708799817, -1593.146180041], [12.690593763922392, -1593.24679973], [13.087174819044966, -1593.3305380765], [13.483755874167532, -1593.39919188], [13.880336929290115, -1593.4541318605], [14.276917984412696, -1593.4967003135], [14.673499039535265, -1593.527982347], [15.07008009465784, -1593.5492869135], [15.466661149780407, -1593.5596777805], [15.86324220490299, -1593.5627672995], [16.25982326002556, -1593.558884723], [16.656404315148134, -1593.5483750015], [17.052985370270715, -1593.5322377855], [17.449566425393304, -1593.5105241955], [17.846147480515853, -1593.4839969015], [18.24272853563844, -1593.4531317405], [18.639309590761012, -1593.4184621055], [19.035890645883576, -1593.3802406975], [19.43247170100616, -1593.3388671985], [19.829052756128746, -1593.2949980155]]}