{"c44": 35.49333000000001, "B": 131.51827455763893, "E_vs_V": [[12.018373421516994, -1593.037334296], [12.418985868900881, -1593.174272687], [12.819598316284793, -1593.28447047], [13.220210763668693, -1593.380530672], [13.620823211052588, -1593.459075512], [14.021435658436495, -1593.5220106325], [14.422048105820384, -1593.5710599975], [14.82266055320429, -1593.6075259365], [15.22327300058819, -1593.6327219035], [15.62388544797209, -1593.64789196], [16.02449789535599, -1593.6539256285], [16.425110342739885, -1593.651907619], [16.82572279012379, -1593.641257965], [17.22633523750769, -1593.625387383], [17.62694768489158, -1593.6037105725], [18.027560132275486, -1593.576804845], [18.4281725796594, -1593.545308699], [18.82878502704327, -1593.5096626805], [19.22939747442719, -1593.4703538245], [19.630009921811094, -1593.4278563275], [20.030622369194987, -1593.382513013]], "c66": 62.42270000000001, "c13": 96.86752999999992, "c12": 83.6724699999999, "c11": 208.9736999999998, "c33": 211.6707999999998}