{"c44": 127.21682000000001, "c12": 78.62149999999993, "c11": 234.58634999999975, "B": 130.6097833333332, "E_vs_V": [[11.409647245138132, -851.5250584645], [11.78996881997608, -851.665327767], [12.170290394814007, -851.7821379015], [12.55061196965195, -851.8784834705], [12.93093354448989, -851.9567502525], [13.311255119327818, -852.018962391], [13.691576694165763, -852.0669610815], [14.071898269003706, -852.1024667265], [14.452219843841643, -852.1267642965], [14.832541418679575, -852.1412413885], [15.212862993517515, -852.1469586745], [15.593184568355454, -852.1411714365], [15.973506143193385, -852.13254681], [16.353827718031337, -852.1178688795], [16.734149292869258, -852.097699663], [17.1144708677072, -852.072845678], [17.494792442545144, -852.04286144], [17.875114017383076, -852.01001588], [18.25543559222103, -851.973903886], [18.63575716705895, -851.9349333505], [19.0160787418969, -851.8934818865]]}