{"c44": 134.17296746591234, "c12": 226.06804503590064, "c11": 294.18629260588807, "B": 248.77412755922978, "E_vs_V": [[11.21791843888108, -851.2675481157197], [11.591849053510444, -851.346591474682], [11.965779668139817, -851.4767322395957], [12.339710282769186, -851.6210086303423], [12.713640897398554, -851.7579478145277], [13.087571512027923, -851.8760939978382], [13.461502126657294, -851.9703570205415], [13.835432741286663, -852.0397645833146], [14.209363355916038, -852.0858189001887], [14.5832939705454, -852.1109208647912], [14.957224585174771, -852.1180496595115], [15.331155199804144, -852.1103614421952], [15.705085814433506, -852.0916164383653], [16.07901642906288, -852.065999231972], [16.452947043692248, -852.03573625998], [16.826877658321624, -852.0026728587582], [17.200808272950983, -851.968339041481], [17.574738887580356, -851.9339690272336], [17.94866950220972, -851.9005295192063], [18.322600116839094, -851.8687518661837], [18.696530731468464, -851.8391649722008]]}