{"c44": 40.75957, "c12": 64.28003999999996, "c11": 105.55336999999992, "B": 78.03781666666661, "E_vs_V": [[11.999999999999996, -109.397253824675], [12.399999999999991, -109.493582056975], [12.799999999999995, -109.572002530975], [13.199999999999996, -109.63482836565], [13.599999999999993, -109.6841339351], [13.999999999999993, -109.721585560225], [14.4, -109.748980885975], [14.799999999999994, -109.767665837], [15.200000000000001, -109.7791010032], [15.6, -109.784576946975], [15.999999999999995, -109.78494364335], [16.39999999999999, -109.78065802805], [16.80000000000001, -109.772057489525], [17.199999999999978, -109.759549626475], [17.59999999999999, -109.743626520525], [18.0, -109.7247929011], [18.400000000000002, -109.694606522925], [18.799999999999965, -109.6708009783], [19.2, -109.645245246125], [19.59999999999999, -109.61824012445], [19.999999999999993, -109.59006612945]]}