{"c44": 27.772046770592468, "B": 126.92876851574624, "E_vs_V": [[12.685859183587004, -480.523490302189], [13.108721156373225, -480.59894335462525], [13.53158312915947, -480.6681299302222], [13.954445101945716, -480.73939503424793], [14.377307074731933, -480.8024927451161], [14.800169047518168, -480.8559131925906], [15.22303102030441, -480.89896821489293], [15.645892993090635, -480.93154058582263], [16.068754965876863, -480.9539011032375], [16.49161693866311, -480.9665755811604], [16.914478911449336, -480.97024859518194], [17.337340884235566, -480.9656943186553], [17.760202857021824, -480.95372732873557], [18.18306482980802, -480.93516812091826], [18.605926802594286, -480.91081943651926], [19.028788775380495, -480.8814269070638], [19.45165074816673, -480.84762040104005], [19.87451272095296, -480.8099428453242], [20.297374693739208, -480.768724125889], [20.720236666525434, -480.72425073693216], [21.143098639311688, -480.6768029663441]], "c66": 51.601415347925915, "c13": 98.3220252603089, "c12": 92.64009459869793, "c11": 177.3228764484039, "c33": 215.36369077019702}