{"c44": 34.75332, "c12": 212.20173499999981, "c11": 377.4745699999997, "B": 267.2926799999998, "E_vs_V": [[6.269863549955031, -903.8960449455], [6.478859001620201, -904.068838033625], [6.687854453285359, -904.206241958875], [6.896849904950533, -904.319592835], [7.105845356615705, -904.40893695225], [7.314840808280867, -904.47940505375], [7.523836259946032, -904.532911260125], [7.732831711611203, -904.571289625875], [7.941827163276374, -904.597063278], [8.150822614941541, -904.611543889375], [8.359818066606707, -904.61600228825], [8.568813518271872, -904.611871794375], [8.777808969937043, -904.60008429875], [8.986804421602217, -904.582143326125], [9.195799873267369, -904.552132900125], [9.404795324932548, -904.522838766375], [9.613790776597709, -904.488809745], [9.822786228262883, -904.452063921125], [10.03178167992805, -904.41163931575], [10.240777131593223, -904.36909235975], [10.449772583258373, -904.3238561615]]}