{"c44": 108.57614386877287, "c12": 176.9338329417361, "c11": 282.0521770761875, "B": 211.97328098655325, "E_vs_V": [[11.851073610595938, -851.2962495327869], [12.246109397615808, -851.4826538822615], [12.64114518463566, -851.6410779454264], [13.036180971655524, -851.772007113638], [13.431216758675397, -851.8768946137949], [13.826252545695263, -851.957990756058], [14.221288332715122, -852.0180155702577], [14.61632411973498, -852.0590946490098], [15.011359906754864, -852.0833217914038], [15.406395693774723, -852.0807201498254], [15.801431480794582, -852.0801233018191], [16.19646726781444, -852.0763930572941], [16.591503054834305, -852.0617018162772], [16.986538841854173, -852.03740261596], [17.381574628874045, -852.0047492905829], [17.776610415893902, -851.9649407433858], [18.17164620291377, -851.9193842158408], [18.56668198993363, -851.8687989631059], [18.961717776953503, -851.8137177911078], [19.356753563973378, -851.7546452609324], [19.751789350993224, -851.6920561469415]]}