{"c44": 139.07818, "c12": 180.34620499999983, "c11": 416.51955999999973, "B": 259.0706566666665, "E_vs_V": [[7.519128572295315, -1370.029651595], [7.769766191371822, -1370.2404750275], [8.020403810448329, -1370.411703373], [8.271041429524843, -1370.5496163395], [8.521679048601355, -1370.6589733665], [8.772316667677858, -1370.74388022], [9.022954286754377, -1370.807663535], [9.27359190583088, -1370.853357901], [9.524229524907394, -1370.883202139], [9.774867143983904, -1370.898495922], [10.025504763060415, -1370.9031307345], [10.276142382136923, -1370.8976193805], [10.526780001213437, -1370.8833998375], [10.77741762028995, -1370.8616786095], [11.02805523936645, -1370.833455115], [11.278692858442966, -1370.79971107], [11.52933047751948, -1370.7609742785], [11.779968096595987, -1370.71813092], [12.030605715672497, -1370.670384028], [12.281243334749002, -1370.6210594265], [12.531880953825512, -1370.569133259]]}