{"c44": 32.33787, "c12": 118.2849249999999, "c11": 119.40875999999989, "B": 118.65953666666655, "E_vs_V": [[11.897431653677238, -1593.0261052105], [12.294012708799817, -1593.146180038], [12.690593763922392, -1593.246799736], [13.087174819044966, -1593.33053811], [13.483755874167532, -1593.3991917905], [13.880336929290115, -1593.454131845], [14.276917984412696, -1593.4967005425], [14.673499039535265, -1593.527982282], [15.07008009465784, -1593.549286871], [15.466661149780407, -1593.5596777705], [15.86324220490299, -1593.5627673015], [16.25982326002556, -1593.558884741], [16.656404315148134, -1593.548374845], [17.052985370270715, -1593.532237432], [17.449566425393304, -1593.510524238], [17.846147480515853, -1593.4839965365], [18.24272853563844, -1593.453131866], [18.639309590761012, -1593.4184621775], [19.035890645883576, -1593.38024069], [19.43247170100616, -1593.338867604], [19.829052756128746, -1593.294998018]]}