{"c44": 42.441261727860976, "B": 153.8002418989377, "E_vs_V": [[11.80453666006781, -1222.6086414976153], [12.198021215403378, -1222.6182430625015], [12.591505770738998, -1222.6514429327058], [12.984990326074522, -1222.696340876185], [13.378474881410146, -1222.7445165597976], [13.771959436745751, -1222.790745194067], [14.165443992081327, -1222.830966673997], [14.558928547416938, -1222.8629516210508], [14.95241310275251, -1222.8862190984307], [15.345897658088104, -1222.9004064770122], [15.739382213423704, -1222.9051721718372], [16.132866768759293, -1222.9005413486525], [16.526351324094936, -1222.8867329238146], [16.919835879430465, -1222.8641785873076], [17.31332043476421, -1222.8334238895823], [17.706804990101737, -1222.7950775468937], [18.10028954543526, -1222.7497963957376], [18.49377410077276, -1222.6982701980367], [18.88725865610236, -1222.6411565538463], [19.280743211440917, -1222.5791781976538], [19.674227766776692, -1222.5130744541607]], "c66": 54.2662533275807, "c13": 101.52177777696849, "c12": 134.64537076572074, "c11": 241.12248505385392, "c33": 230.92772572880602}