{"c44": 41.773211455512694, "B": 105.75294218257076, "E_vs_V": [[12.081702299023707, -1594.0729652694308], [12.484425708991157, -1593.7288252378517], [12.887149118958654, -1593.517746390095], [13.289872528926082, -1593.4416615205735], [13.692595938893529, -1593.4872537683061], [14.095319348860981, -1593.5384982661678], [14.498042758828452, -1593.5809820816678], [14.900766168795903, -1593.6141798583055], [15.303489578763353, -1593.635350026136], [15.706212988730822, -1593.646879863812], [16.108936398698273, -1593.650912791416], [16.511659808665726, -1593.6483382190047], [16.91438321863319, -1593.6391441059611], [17.31710662860066, -1593.6232890816655], [17.719830038568098, -1593.601012276818], [18.122553448535548, -1593.5727819565184], [18.52527685850301, -1593.5406639629539], [18.92800026847047, -1593.5072199030262], [19.330723678437934, -1593.4745229762962], [19.733447088405384, -1593.4429867562676], [20.13617049837283, -1593.410402912132]], "c66": 52.29494315562808, "c13": 79.72134498366468, "c12": 62.57438051398682, "c11": 169.09273659837442, "c33": 170.97895257918697}