{"c44": 19.4022036729033, "B": 132.97502575962625, "E_vs_V": [[12.097613017252993, -1593.0343139102524], [12.500866784494757, -1593.1723135480283], [12.90412055173653, -1593.287381351379], [13.307374318978296, -1593.3791992945814], [13.710628086220058, -1593.4533001852346], [14.113881853461827, -1593.5129350051925], [14.5171356207036, -1593.55969996241], [14.920389387945361, -1593.594499591747], [15.323643155187128, -1593.6183675064274], [15.726896922428887, -1593.6322109514206], [16.13015068967066, -1593.6369078976784], [16.53340445691242, -1593.6332077699897], [16.936658224154197, -1593.6218603791133], [17.33991199139596, -1593.6037775716359], [17.743165758637726, -1593.579837632294], [18.1464195258795, -1593.5508717939003], [18.549673293121256, -1593.517578237469], [18.952927060363034, -1593.4805178735846], [19.3561808276048, -1593.446005265396], [19.759434594846557, -1593.4041480869696], [20.162688362088325, -1593.3603150913775]], "c66": 31.92564090675776, "c13": 116.18161468728498, "c12": 107.69118672103747, "c11": 171.2741527862358, "c33": 175.0310317828297}