{"c44": 28.409532878854794, "c12": 160.89326819568777, "c11": 116.26919272313229, "B": 146.0185763715026, "E_vs_V": [[11.73908391961321, -1593.0505029770302], [12.130386716933655, -1593.1090618181765], [12.521689514254096, -1593.1882544339874], [12.91299231157453, -1593.2721066205868], [13.304295108894978, -1593.3490651977784], [13.69559790621542, -1593.4152341329668], [14.086900703535855, -1593.4696443363698], [14.47820350085631, -1593.5122172031472], [14.869506298176736, -1593.5429266121823], [15.260809095497176, -1593.5615949101598], [15.652111892817619, -1593.5695804135664], [16.043414690138054, -1593.5686201844226], [16.434717487458496, -1593.5604576261533], [16.82602028477895, -1593.546552114091], [17.217323082099387, -1593.527918253948], [17.60862587941982, -1593.5050515699177], [17.999928676740254, -1593.4777310860961], [18.3912314740607, -1593.4462824722712], [18.782534271381156, -1593.4114035945872], [19.17383706870159, -1593.3722661637084], [19.565139866022022, -1593.3285268534396]]}