{"point_names": ["$\\Gamma$", "K", "M", "$\\Gamma$", "A"], "path": [[0, 0, 0], [-0.3333333333333333, 0.3333333333333333, 0], [0, 0.5, 0], [0, 0, 0], [0, 0, 0.5]], "omega_kn": [[-0.007652422581673432, -0.004192489536360569, -4.1033941157957457e-08, 14.386314212374604, 14.392575212068802, 25.806360470798193], [-2.188137878384684, 0.2984160861175561, 1.8633994340916886, 14.489557217505617, 14.619820537880397, 25.83421317924125], [-3.283186578107061, 0.6514785763251316, 2.5549690187445426, 14.77959560521677, 15.257492535497196, 25.916340285859114], [-4.12154504490299, 1.1153015459124151, 3.219245007754002, 15.235804527765481, 16.18262553219389, 26.048591191250512], [-4.738055125776988, 1.7164672148995324, 4.0096406275200955, 15.825837437551224, 17.27994007410302, 26.22448740870714], [-5.167041633438421, 2.4340022994697614, 4.9709601400144745, 16.515781322211787, 18.465555047136384, 26.435773577068385], [-5.443768812615936, 3.2192400460958916, 6.105862798134352, 17.2745230739013, 19.68403790485434, 26.67302355259471], [-5.588670831859578, 4.025169373218514, 7.392349317722267, 18.07558049233984, 20.89912415739328, 26.926221921098655], [-5.6018867410393645, 4.8208239673096145, 8.79418402896962, 18.897330695544863, 22.086448735459445, 27.185287524031775], [-5.46530263393353, 5.589537525888557, 10.272830784358145, 19.722506397495188, 23.22896478080996, 27.440558962139075], [-5.1429998648445, 6.322698044953542, 11.795003925672576, 20.537479959269756, 24.31410869178972, 27.68333211533523], [-4.570784628152744, 7.015688406015871, 13.33446835669731, 21.331572118482754, 25.33171232191136, 27.906707316552875], [-3.6078978720707986, 7.666221397368831, 14.870975379713489, 22.096466990640746, 26.27129332360273, 28.107663361377348], [-1.6513345527737722, 8.273872465521187, 16.38859214452012, 22.82574632691426, 27.114031927885392, 28.29480075644476], [3.1586911659163883, 8.840153860466188, 17.874242357057724, 23.514529964194804, 27.794063720591048, 28.52699843570487], [4.997423876644436, 9.369053935199148, 19.316546821426595, 24.159197660755073, 28.1488734256772, 28.963160760305584], [6.479340570583905, 9.86850369612887, 20.704793335203863, 24.757148907056077, 28.249033134548643, 29.532877765555416], [7.775825707539723, 10.354232839565855, 22.027708708305404, 25.306490920817016, 28.2497921987495, 30.08577890648464], [8.910039990076564, 10.859354471319854, 23.271365852609918, 25.805272459597933, 28.200488561253646, 30.584545586876303], [9.840706743501627, 11.447760108943582, 24.414587960978142, 26.248697021086535, 28.133677485638742, 31.022809787700282], [10.517886787182043, 12.179198235373363, 25.417942241179613, 26.618515488073268, 28.109855011262976, 31.40171215818019], [10.984675201782379, 13.014475833961422, 26.20048628610013, 26.86799143422488, 28.2601610378572, 31.725138597893707], [11.32890074776481, 12.941745094930742, 26.068598893791652, 26.735431987341148, 28.33584209115279, 31.520494540965416], [11.833619706158858, 12.91432797232707, 25.648917987688634, 26.813798114740088, 28.509507644216786, 31.31225957508589], [12.445972648761707, 12.95721707879468, 25.163774072836105, 26.915959179962947, 28.74481062638761, 31.10669873621487], [12.853061794540313, 13.352698238884985, 24.675724756949762, 26.99815271960155, 29.019513339872965, 30.912086996717218], [12.976814491842218, 14.148338147342267, 24.202416377316634, 27.05486378913756, 29.31432460815708, 30.740311990519558], [13.10172476365148, 15.03035900046717, 23.75206260875374, 27.086219722734622, 29.605369540668647, 30.6119934963519], [13.254879261930398, 15.943069228340638, 23.331124076021, 27.092737713546775, 29.84727584241684, 30.572017249292806], [13.438534368832373, 16.853865371510572, 22.94861012612757, 27.074906149400963, 29.972424277535993, 30.68873094711244], [13.651731662251407, 17.726036243874297, 22.62219522952156, 27.03387424040373, 30.00258103339514, 30.940757872765413], [13.892527087662426, 18.50481527198428, 22.390095622957595, 26.972079680169717, 30.01780941731165, 31.24694190611865], [14.158388952942024, 19.100262926622733, 22.327856693374482, 26.89328726927501, 30.054725055373105, 31.567697189420368], [14.44620948490811, 19.40751463568618, 22.52813430614086, 26.80201022638136, 30.123897822933305, 31.88795751242564], [14.752147604879875, 19.41733647077188, 22.990289331879534, 26.702699757608723, 30.227241358870874, 32.20051964986911], [15.071289157759152, 19.232495819746568, 23.604241539630653, 26.59918764418036, 30.363779353108338, 32.50095113708671], [15.396949059883177, 18.950664964658618, 24.26787982224959, 26.494771866785953, 30.531613546991206, 32.785985755290454], [15.719104744962065, 18.630369801466973, 24.92125268360269, 26.39373626785946, 30.728524008947932, 33.05293563956342], [16.020570478448406, 18.31203416777822, 25.520887151888967, 26.310207067963653, 30.95193701082079, 33.29945077646197], [16.267832179843793, 18.040892204274844, 25.938298428928185, 26.35646649504967, 31.198569608722973, 33.5234217325133], [16.398738384333925, 17.885555581081007, 25.95932679362295, 26.737941708965156, 31.463965140997626, 33.722956888065916], [16.356053818062183, 17.907072574293764, 25.868764430105866, 27.16635497420828, 31.742135167441877, 33.896412456817636], [16.17560622289136, 18.071846426470046, 25.7620661848579, 27.546947023821783, 32.02549342712279, 34.04247490223841], [15.93891867634464, 18.299402007968446, 25.652956009846097, 27.87001050980072, 32.30513012484996, 34.16031038546295], [15.698090620496766, 18.53762264541577, 25.54729414263899, 28.136103008380147, 32.57127399357042, 34.24981153682495], [15.479625900994208, 18.758964786719375, 25.450101501079963, 28.34807504257364, 32.81366246672342, 34.3119864262863], [15.298226797970585, 18.94677934688413, 25.366587091063444, 28.509130653031992, 33.02158787842631, 34.34952096540018], [15.162980031400165, 19.08942972123196, 25.30200678216259, 28.62207316587505, 33.18366095956464, 34.36739474695513], [15.079652226951062, 19.178537124795323, 25.261044736544054, 28.688992737591082, 33.28797475838306, 34.37289652590372], [15.051519689211046, 19.208843636311087, 25.246993480866056, 28.711158117120906, 33.32419344533001, 34.37359051973271], [15.01373830312599, 19.12496294809098, 25.29211636102805, 28.695463278072122, 33.25082849452797, 34.37337284263225], [14.900616622610878, 18.88166868536248, 25.419174954845175, 28.648251600860043, 33.04344142277815, 34.36036230709963], [14.712809831589817, 18.499770469633862, 25.60744136102993, 28.569151276031526, 32.725711666770394, 34.3119626877501], [14.451369958119868, 18.004098281048943, 25.832100739542735, 28.45757411056344, 32.31620568270047, 34.21153632264829], [14.117688737397774, 17.417322282491387, 26.07018078309617, 28.312761307600617, 31.82709992827911, 34.049933083445566], [13.713422097732405, 16.757733483007478, 26.302215763582566, 28.13385093597856, 31.267577353034934, 33.82264081744683], [13.240398415590528, 16.03941073594027, 26.510762051160217, 27.920000257311624, 30.647161873087196, 33.527712157211475], [12.700510309821992, 15.273159908556808, 26.675960080697088, 27.670746962887993, 29.979991590374958, 33.16469732905707], [12.095585318134729, 14.467456953740557, 26.764019987870036, 27.387651923607528, 29.294314151726255, 32.73414413067101], [11.42722331637744, 13.629175313907053, 26.69573416722957, 27.080650425914893, 28.65715349471659, 32.23740233315131], [10.696575500155985, 12.76409150502076, 26.34363275055825, 26.74667160371891, 28.198066687912643, 31.67664221747783], [9.904015052029138, 11.877215474492731, 25.68725918103, 26.34512055266435, 27.97780549871433, 31.055152544412334], [9.048598030727272, 10.972990058754988, 24.814879811027513, 25.89825021707207, 27.8851024384828, 30.37831019536258], [8.127093393597264, 10.055387499455778, 23.81535821595499, 25.416429613830335, 27.8161237569507, 29.656908366930534], [7.132047897352532, 9.12791134222021, 22.733392468466587, 24.899074527554, 27.70382959396724, 28.92161851427125], [6.047391457675169, 8.193487518450832, 21.589866882426787, 