{"dimer_energy": [3749241532.104484, 856776018.6075968, 179021469.64953902, 32008084.384381983, 4219021.676414212, 207972.65575534897, -32298.29056362928, 55654.27278567639, 103017.28792703967, 124268.7905750326, 131544.29898947928, 127654.98161205881, 118521.10067380512, 111565.27967359583, 111090.3860599775, 116761.58568443659, 125103.37341304857, 131984.98173262284, 134509.75402455777, 131729.6247182899, 124354.13378243711, 113943.8164125116, 102073.44585884872, 89782.24865895911, 77424.11608474188, 64865.359727669704, 51879.20925029479, 38553.883598970824, 25548.7762883801, 14080.937667728092, 5583.347339326235, 1033.7921272840308, 0.0, 0.0, 0.0, 0.0, 0.0, 0.0, 0.0, 0.0, 0.0, 0.0, 0.0, 0.0, 0.0, 0.0, 0.0, 0.0, 0.0, 0.0], "dimer_distance": [2.0, 2.1, 2.2, 2.3000000000000003, 2.4000000000000004, 2.5000000000000004, 2.6000000000000005, 2.7000000000000006, 2.8000000000000007, 2.900000000000001, 3.000000000000001, 3.100000000000001, 3.200000000000001, 3.300000000000001, 3.4000000000000012, 3.5000000000000013, 3.6000000000000014, 3.7000000000000015, 3.8000000000000016, 3.9000000000000017, 4.000000000000002, 4.100000000000001, 4.200000000000002, 4.3000000000000025, 4.400000000000002, 4.500000000000002, 4.600000000000002, 4.700000000000003, 4.8000000000000025, 4.900000000000002, 5.000000000000003, 5.100000000000003, 5.200000000000003, 5.3000000000000025, 5.400000000000003, 5.5000000000000036, 5.600000000000003, 5.700000000000003, 5.800000000000003, 5.900000000000004, 6.0000000000000036, 6.100000000000003, 6.200000000000004, 6.300000000000004, 6.400000000000004, 6.5000000000000036, 6.600000000000004, 6.700000000000005, 6.800000000000004, 6.900000000000004]}