{"distance": [0.020000000000000018, 0.040000000000000036, 0.06000000000000005, 0.08000000000000007, 0.10000000000000009, 0.1200000000000001, 0.14000000000000012, 0.16000000000000014, 0.18000000000000016, 0.20000000000000018, 0.2200000000000002, 0.2400000000000002, 0.26000000000000023, 0.28000000000000025, 0.30000000000000027, 0.3200000000000003, 0.3400000000000003, 0.3600000000000003, 0.38000000000000034, 0.40000000000000036, 0.4200000000000004, 0.4400000000000004, 0.4600000000000004, 0.4800000000000004, 0.5000000000000004, 0.5200000000000005, 0.5400000000000005, 0.5600000000000005, 0.5800000000000005, 0.6000000000000005, 0.6200000000000006, 0.6400000000000006, 0.6600000000000006, 0.6800000000000006, 0.7000000000000006, 0.7200000000000006, 0.7400000000000007, 0.7600000000000007, 0.7800000000000007, 0.8000000000000007, 0.8200000000000007, 0.8400000000000007, 0.8600000000000008, 0.8800000000000008, 0.9000000000000008, 0.9200000000000008, 0.9400000000000008, 0.9600000000000009, 0.9800000000000009, 1.0000000000000009, 1.020000000000001, 1.040000000000001, 1.060000000000001, 1.080000000000001, 1.100000000000001, 1.120000000000001, 1.140000000000001, 1.160000000000001, 1.180000000000001, 1.200000000000001, 1.220000000000001, 1.240000000000001, 1.2600000000000011, 1.2800000000000011, 1.3000000000000012, 1.3200000000000012, 1.3400000000000012, 1.3600000000000012, 1.3800000000000012, 1.4000000000000012, 1.4200000000000013, 1.4400000000000013, 1.4600000000000013, 1.4800000000000013, 1.5000000000000013, 1.5200000000000014, 1.5400000000000014, 1.5600000000000014, 1.5800000000000014, 1.6000000000000014, 1.6200000000000014, 1.6400000000000015, 1.6600000000000015, 1.6800000000000015, 1.7000000000000015, 1.7200000000000015, 1.7400000000000015, 1.7600000000000016, 1.7800000000000016, 1.8000000000000016, 1.8200000000000016, 1.8400000000000016, 1.8600000000000017, 1.8800000000000017, 1.9000000000000017, 1.9200000000000017, 1.9400000000000017, 1.9600000000000017, 1.9800000000000018, 2.0000000000000018], "energy": [-3186.9107771550593, -3186.872789591132, -3186.8327980370427, -3186.7911453492648, -3186.7482746208198, -3186.7047745617897, -3186.661379508929, -3186.6189207690077, -3186.5782428035304, -3186.5401471649116, -3186.5050712254388, -3186.472888377602, -3186.4426996418797, -3186.412624161648, -3186.379624104641, -3186.3393914246612, -3186.2863265568562, -3186.213641114089, -3186.1136179175237, -3185.97806222867, -3185.7989777176545, -3185.56949950654, -3185.2851144454553, -3184.9451956112193, -3184.554873807675, -3184.127263619305, -3183.6860554073514, -3183.26238580164, -3182.8281931812776, -3182.37478963182, -3181.907480375801, -3181.431943783189, -3180.954024424395, -3180.4794424431993, -3180.0131948073636, -3179.5592823273055, -3179.120353202967, -3178.6973755183494, -3178.2893658797057, -3177.893201384358, -3177.5035438016607, -3177.112905911004, -3176.711890259739, -3176.289630135104, -3175.8344612353844, -3175.334850354244, -3174.7806043562273, -3174.1643788306774, -3173.4835011218106, -3172.742116977485, -3171.9536639493354, -3171.1436679809462, -3170.352852471307, -3169.640541619682, -3169.088332173862, -3168.7681549799054, -3168.5449184362965, -3168.3873554919005, -3168.2930394792324, -3168.2582644434437, -3168.2780423800186, -3168.3461192151344, -3168.4550097991582, -3168.596051920133, -3168.7594790785483, -3168.934511497214, -3169.109464569298, -3169.2718736906904, -3169.4086341680186, -3169.5061546573656, -3169.5505223687683, -3169.5276780711442, -3169.4235987602547, -3169.2244857035944, -3168.9169554623313, -3168.488231405211, -3167.926333183699, -3167.2202616219665, -3166.3601774109184, -3165.337626415342, -3164.145635039719, -3162.778826793656, -3161.233574964571, -3159.508110523997, -3157.6026103020304, -3155.519264039007, -3153.2623191944704, -3150.8381026815496, -3148.2550189964786, -3145.523524521652, -3142.656078092974, -3139.667068231951, -3136.57271774778, -3133.3909667057483, -3130.141335035635, -3126.8447663102656, -3123.5234544565315, -3120.2006553670853, -3116.9004855558287, -3113.647724769756]}