{"c44": 34.24409, "B": 125.74844476245008, "E_vs_V": [[12.102409122326037, -1593.0655126155], [12.505822759736905, -1593.1973595795], [12.909236397147772, -1593.307445354], [13.31265003455864, -1593.399776114], [13.716063671969504, -1593.4749008155], [14.119477309380374, -1593.5345795355], [14.522890946791248, -1593.5823661565], [14.92630458420211, -1593.615556696], [15.329718221612971, -1593.637945402], [15.733131859023846, -1593.650302124], [16.136545496434714, -1593.6536974205], [16.539959133845578, -1593.649194568], [16.943372771256453, -1593.637599697], [17.34678640866731, -1593.619595173], [17.750200046078184, -1593.595935654], [18.153613683489045, -1593.567247107], [18.557027320899923, -1593.533659795], [18.960440958310787, -1593.4970300335], [19.363854595721644, -1593.4561863355], [19.767268233132523, -1593.4121464475], [20.170681870543394, -1593.365427644]], "c66": 61.61823000000001, "c13": 92.31799999999993, "c12": 75.02346999999995, "c11": 205.92697999999982, "c33": 201.05488999999986}