{"distance": [0.020000000000000018, 0.040000000000000036, 0.06000000000000005, 0.08000000000000007, 0.10000000000000009, 0.1200000000000001, 0.14000000000000012, 0.16000000000000014, 0.18000000000000016, 0.20000000000000018, 0.2200000000000002, 0.2400000000000002, 0.26000000000000023, 0.28000000000000025, 0.30000000000000027, 0.3200000000000003, 0.3400000000000003, 0.3600000000000003, 0.38000000000000034, 0.40000000000000036, 0.4200000000000004, 0.4400000000000004, 0.4600000000000004, 0.4800000000000004, 0.5000000000000004, 0.5200000000000005, 0.5400000000000005, 0.5600000000000005, 0.5800000000000005, 0.6000000000000005, 0.6200000000000006, 0.6400000000000006, 0.6600000000000006, 0.6800000000000006, 0.7000000000000006, 0.7200000000000006, 0.7400000000000007, 0.7600000000000007, 0.7800000000000007, 0.8000000000000007, 0.8200000000000007, 0.8400000000000007, 0.8600000000000008, 0.8800000000000008, 0.9000000000000008, 0.9200000000000008, 0.9400000000000008, 0.9600000000000009, 0.9800000000000009, 1.0000000000000009, 1.020000000000001, 1.040000000000001, 1.060000000000001, 1.080000000000001, 1.100000000000001, 1.120000000000001, 1.140000000000001, 1.160000000000001, 1.180000000000001, 1.200000000000001, 1.220000000000001, 1.240000000000001, 1.2600000000000011, 1.2800000000000011, 1.3000000000000012, 1.3200000000000012, 1.3400000000000012, 1.3600000000000012, 1.3800000000000012, 1.4000000000000012, 1.4200000000000013, 1.4400000000000013, 1.4600000000000013, 1.4800000000000013, 1.5000000000000013, 1.5200000000000014, 1.5400000000000014, 1.5600000000000014, 1.5800000000000014, 1.6000000000000014, 1.6200000000000014, 1.6400000000000015, 1.6600000000000015, 1.6800000000000015, 1.7000000000000015, 1.7200000000000015, 1.7400000000000015, 1.7600000000000016, 1.7800000000000016, 1.8000000000000016, 1.8200000000000016, 1.8400000000000016, 1.8600000000000017, 1.8800000000000017, 1.9000000000000017, 1.9200000000000017, 1.9400000000000017, 1.9600000000000017, 1.9800000000000018, 2.0000000000000018], "energy": [-3187.3660985586803, -3187.0134594421443, -3186.122907695467, -3184.4706575744685, -3181.864858824517, -3178.1833678759476, -3173.402894491058, -3167.61447491554, -3161.0237425067653, -3153.9389294914918, -3146.754627109146, -3139.943806649001, -3134.074859518344, -3129.873498558697, -3128.350922231756, -3131.0204364500432, -3140.2233078400213, -3159.58210314981, -3187.5374096197384, -3217.030495376054, -3246.508484833951, -3274.0930608548415, -3297.5569028359214, -3314.332634807991, -3321.533114029812, -3315.9797484408673, -3294.235188090145, -3252.636198618061, -3187.3228352083433, -3094.260687390245, -2969.254198718777, -2807.9505752372397, -2605.835843616359, -2358.226862813598, -2060.2655555767315, -1706.9243611718603, -1293.0347489838214, -813.353323038803, -262.6829988185391, 363.93064143436914, 1070.905073391953, 1861.70370592565, 2738.268637997545, 3700.274673132265, 4744.174266964178, 5862.002636518951, 7039.911480053891, 8256.400308453227, 9519.972645761776, 10857.52687298947, 12267.91347108407, 13749.647470210952, 15300.95734243943, 16919.84130655198, 18604.129920885356, 20351.553573549474, 22159.81342586233, 24026.654125414247, 25949.93670070286, 27927.7098282388, 29958.277828379574, 32040.26366397044, 34172.66541175996, 36354.90464342936, 38586.8654426403, 40868.92286049194, 43201.959860063136, 45587.371952332796, 48027.05906472926, 50523.40428582655, 53079.23954040433, 55697.79832187479, 58382.65600718081, 61137.65843195195, 63966.839662224935, 66874.33008706775, 69864.25618952412, 72940.6334563736, 76107.25413564612, 79367.57154817505, 82724.58285851184, 86180.7121920385, 89737.696089939, 93396.47322522085, 97157.08034824957, 101018.55629852146, 104978.85591248242, 109034.7755029024, 113181.89144359203, 117414.51329574722, 121725.65265286519, 126107.00876740589, 130548.97175965055, 135040.6440172056, 139569.8801473314, 144123.3456239359, 148686.59400559816, 153244.16238684085, 157779.6844954396, 162276.0205871374]}