{"c44": 34.37368, "c12": 123.89078999999988, "c11": 110.1172399999999, "B": 119.29960666666655, "E_vs_V": [[11.920293581607929, -1593.0322444725], [12.317636700994866, -1593.151999323], [12.714979820381801, -1593.252624314], [13.112322939768715, -1593.335729923], [13.509666059155661, -1593.403584962], [13.907009178542587, -1593.457709134], [14.304352297929519, -1593.499464511], [14.70169541731645, -1593.5298641045], [15.09903853670338, -1593.5500955425], [15.496381656090312, -1593.561061982], [15.893724775477244, -1593.5639935605], [16.291067894864177, -1593.5596820905], [16.688411014251102, -1593.548564901], [17.08575413363803, -1593.5317231935], [17.483097253024965, -1593.5092695585], [17.880440372411915, -1593.482004746], [18.277783491798825, -1593.4504263775], [18.67512661118576, -1593.415159647], [19.072469730572706, -1593.3763193805], [19.46981284995963, -1593.3343901085], [19.867155969346545, -1593.2900345815]]}