{"distance": [0.020000000000000018, 0.040000000000000036, 0.06000000000000005, 0.08000000000000007, 0.10000000000000009, 0.1200000000000001, 0.14000000000000012, 0.16000000000000014, 0.18000000000000016, 0.20000000000000018, 0.2200000000000002, 0.2400000000000002, 0.26000000000000023, 0.28000000000000025, 0.30000000000000027, 0.3200000000000003, 0.3400000000000003, 0.3600000000000003, 0.38000000000000034, 0.40000000000000036, 0.4200000000000004, 0.4400000000000004, 0.4600000000000004, 0.4800000000000004, 0.5000000000000004, 0.5200000000000005, 0.5400000000000005, 0.5600000000000005, 0.5800000000000005, 0.6000000000000005, 0.6200000000000006, 0.6400000000000006, 0.6600000000000006, 0.6800000000000006, 0.7000000000000006, 0.7200000000000006, 0.7400000000000007, 0.7600000000000007, 0.7800000000000007, 0.8000000000000007, 0.8200000000000007, 0.8400000000000007, 0.8600000000000008, 0.8800000000000008, 0.9000000000000008, 0.9200000000000008, 0.9400000000000008, 0.9600000000000009, 0.9800000000000009, 1.0000000000000009, 1.020000000000001, 1.040000000000001, 1.060000000000001, 1.080000000000001, 1.100000000000001, 1.120000000000001, 1.140000000000001, 1.160000000000001, 1.180000000000001, 1.200000000000001, 1.220000000000001, 1.240000000000001, 1.2600000000000011, 1.2800000000000011, 1.3000000000000012, 1.3200000000000012, 1.3400000000000012, 1.3600000000000012, 1.3800000000000012, 1.4000000000000012, 1.4200000000000013, 1.4400000000000013, 1.4600000000000013, 1.4800000000000013, 1.5000000000000013, 1.5200000000000014, 1.5400000000000014, 1.5600000000000014, 1.5800000000000014, 1.6000000000000014, 1.6200000000000014, 1.6400000000000015, 1.6600000000000015, 1.6800000000000015, 1.7000000000000015, 1.7200000000000015, 1.7400000000000015, 1.7600000000000016, 1.7800000000000016, 1.8000000000000016, 1.8200000000000016, 1.8400000000000016, 1.8600000000000017, 1.8800000000000017, 1.9000000000000017, 1.9200000000000017, 1.9400000000000017, 1.9600000000000017, 1.9800000000000018, 2.0000000000000018], "energy": [-3186.9320848151215, -3186.890494825865, -3186.8469796532004, -3186.801821982548, -3186.755261554885, -3186.7074842230923, -3186.6585932785038, -3186.608768926802, -3186.558173727973, -3186.506938388322, -3186.4551650171584, -3186.402930303211, -3186.350288597096, -3186.297274863545, -3186.243907475841, -3186.1901908396917, -3186.1361178322686, -3186.081672049302, -3186.0268298510264, -3185.971562224696, -3185.9158364370687, -3185.859617517803, -3185.8028695507587, -3185.7455568007445, -3185.6876446764963, -3185.6291005438584, -3185.569894403414, -3185.510001440323, -3185.449695596852, -3185.3891985722116, -3185.328529808849, -3185.267705358236, -3185.2067383637373, -3185.145639513982, -3185.084417448845, -3185.0230791317986, -3184.9616301903857, -3184.9000752102916, -3184.8384180120574, -3184.7766618878036, -3184.7148098138646, -3184.652864634713, -3184.5908292247354, -3184.5287066270903, -3184.4665001696835, -3184.4042135700056, -3184.3418510090287, -3184.279421692877, -3184.2170745384415, -3184.1548863611633, -3184.092865594522, -3184.031020214624, -3183.9693577967655, -3183.9078855595226, -3183.8466104133367, -3183.785539002691, -3183.724677741782, -3183.6640328487942, -3183.6036103800784, -3183.543416254122, -3183.4834562826804, -3183.423736192049, -3183.364261646405, -3183.3050382661404, -3183.2460716457526, -3183.18736737114, -3183.1289310328016, -3183.0707682390785, -3183.012884625191, -3182.9552858674824, -3182.8979776838314, -3182.8409658466285, -3182.784361864993, -3182.7282983290334, -3182.6727671967146, -3182.6177595425934, -3182.563266156696, -3182.5092776225915, -3182.4557843864463, -3182.4027768247015, -3182.3502453040664, -3182.2981802420304, -3182.2465721548765, -3182.195411708698, -3182.1446897622845, -3182.0943974067654, -3182.044525999167, -3181.995067197305, -3181.9460129842755, -3181.8973556927294, -3181.849088028857, -3181.801203084087, -3181.7536943533314, -3181.706562031501, -3181.6598031721146, -3181.6134072735326, -3181.5673643929813, -3181.521665159106, -3181.476300781987, -3181.431263058979]}