{"c44": 59.62797133270389, "B": 155.83827893103438, "E_vs_V": [[12.308591953118816, -1593.2963796924814], [12.718878351556103, -1593.3842702327415], [13.129164749993404, -1593.4306445524514], [13.539451148430697, -1593.4686221098932], [13.949737546867986, -1593.5077014841577], [14.360023945305283, -1593.5453668003129], [14.77031034374257, -1593.578823134465], [15.18059674217987, -1593.6081655415003], [15.590883140617164, -1593.6313228376819], [16.00116953905446, -1593.6467939534762], [16.411455937491752, -1593.6530198707721], [16.82174233592904, -1593.6486046389173], [17.23202873436634, -1593.634241852089], [17.642315132803635, -1593.6113909735238], [18.052601531240942, -1593.5820076685832], [18.462887929678214, -1593.547798579934], [18.87317432811551, -1593.5094671385314], [19.2834607265528, -1593.4671745762487], [19.693747124990107, -1593.4200089009207], [20.104033523427397, -1593.3707491030032], [20.514319921864683, -1593.3155131519704]], "c66": 81.63982955089804, "c13": 116.5644689104165, "c12": 105.88221543326104, "c11": 258.7211329800507, "c33": 211.28842116279495}