{"distance": [0.020000000000000018, 0.040000000000000036, 0.06000000000000005, 0.08000000000000007, 0.10000000000000009, 0.1200000000000001, 0.14000000000000012, 0.16000000000000014, 0.18000000000000016, 0.20000000000000018, 0.2200000000000002, 0.2400000000000002, 0.26000000000000023, 0.28000000000000025, 0.30000000000000027, 0.3200000000000003, 0.3400000000000003, 0.3600000000000003, 0.38000000000000034, 0.40000000000000036, 0.4200000000000004, 0.4400000000000004, 0.4600000000000004, 0.4800000000000004, 0.5000000000000004, 0.5200000000000005, 0.5400000000000005, 0.5600000000000005, 0.5800000000000005, 0.6000000000000005, 0.6200000000000006, 0.6400000000000006, 0.6600000000000006, 0.6800000000000006, 0.7000000000000006, 0.7200000000000006, 0.7400000000000007, 0.7600000000000007, 0.7800000000000007, 0.8000000000000007, 0.8200000000000007, 0.8400000000000007, 0.8600000000000008, 0.8800000000000008, 0.9000000000000008, 0.9200000000000008, 0.9400000000000008, 0.9600000000000009, 0.9800000000000009, 1.0000000000000009, 1.020000000000001, 1.040000000000001, 1.060000000000001, 1.080000000000001, 1.100000000000001, 1.120000000000001, 1.140000000000001, 1.160000000000001, 1.180000000000001, 1.200000000000001, 1.220000000000001, 1.240000000000001, 1.2600000000000011, 1.2800000000000011, 1.3000000000000012, 1.3200000000000012, 1.3400000000000012, 1.3600000000000012, 1.3800000000000012, 1.4000000000000012, 1.4200000000000013, 1.4400000000000013, 1.4600000000000013, 1.4800000000000013, 1.5000000000000013, 1.5200000000000014, 1.5400000000000014, 1.5600000000000014, 1.5800000000000014, 1.6000000000000014, 1.6200000000000014, 1.6400000000000015, 1.6600000000000015, 1.6800000000000015, 1.7000000000000015, 1.7200000000000015, 1.7400000000000015, 1.7600000000000016, 1.7800000000000016, 1.8000000000000016, 1.8200000000000016, 1.8400000000000016, 1.8600000000000017, 1.8800000000000017, 1.9000000000000017, 1.9200000000000017, 1.9400000000000017, 1.9600000000000017, 1.9800000000000018, 2.0000000000000018], "energy": [-3186.950028578778, -3186.9107923034585, -3186.8695225815504, -3186.826502223195, -3186.781987611896, -3186.7361796819123, -3186.689106279951, -3186.640930928198, -3186.5918276212687, -3186.5419516688457, -3186.4914414701707, -3186.4404202457754, -3186.3889977147637, -3186.33727169124, -3186.285329588927, -3186.2332498160104, -3186.1811030614103, -3186.1289534627404, -3186.076859656027, -3186.0248757172108, -3185.973051979255, -3185.9214357561427, -3185.8700719590133, -3185.81900361932, -3185.7682723250746, -3185.7179185805153, -3185.667982092217, -3185.6184998473063, -3185.569198793568, -3185.5198834792286, -3185.4705752083687, -3185.4212948642257, -3185.372063054926, -3185.3229002342873, -3185.2738267974078, -3185.2248631539446, -3185.176029784941, -3185.1273472770204, -3185.078836348575, -3185.0305178588, -3184.982412807709, -3184.9345423246464, -3184.886927652367, -3184.839590123201, -3184.792551128739, -3184.7458320906594, -3184.6994544211375, -3184.6534354452533, -3184.60766518025, -3184.5620939400224, -3184.516732387044, -3184.471591037025, -3184.42668025344, -3184.38201023795, -3184.337591028035, -3184.2934324925027, -3184.249544326304, -3184.2059360490375, -3184.1626170029217, -3184.119596351666, -3184.0768830809175, -3184.0344859996108, -3183.9924137415596, -3183.9506747677297, -3183.909277369245, -3183.868229672498, -3183.8275396420063, -3183.787215086209, -3183.747263661343, -3183.7076928787064, -3183.6685101073394, -3183.629722581694, -3183.5911531020206, -3183.552564746667, -3183.5139518406013, -3183.4753100442067, -3183.4366354911426, -3183.397924806739, -3183.359175120092, -3183.320384077444, -3183.281549849754, -3183.2426711423204, -3183.203747197774, -3183.164777800805, -3183.125763278599, -3183.0867045003693, -3183.047602874748, -3183.0084603465893, -3182.969279389711, -3182.930063000754, -3182.890814691107, -3182.851538475064, -3182.8122388603715, -3182.772829145534, -3182.733222028646, -3182.6934219771533, -3182.6534341088454, -3182.6132641728145, -3182.5729185307023, -3182.5324041347367]}