{"c44": 22.508699254337536, "c12": 110.90517994247021, "c11": 77.23293033735581, "B": 99.68109674076543, "E_vs_V": [[11.874332423125495, -1592.7975039726537], [12.270143503896339, -1592.847534290911], [12.665954584667192, -1593.0102131301687], [13.061765665438042, -1593.1846439562864], [13.457576746208895, -1593.326739609736], [13.853387826979727, -1593.4269309736242], [14.249198907750591, -1593.4914055298045], [14.645009988521448, -1593.5302140610931], [15.040821069292283, -1593.552008108834], [15.436632150063145, -1593.562827820298], [15.83244323083399, -1593.566347893119], [16.228254311604843, -1593.5640844280858], [16.624065392375684, -1593.5553424460159], [17.01987647314654, -1593.540131909651], [17.415687553917394, -1593.519079410339], [17.81149863468824, -1593.4930588082618], [18.2073097154591, -1593.4627996116876], [18.603120796229927, -1593.428691820741], [18.998931877000793, -1593.3909619438373], [19.394742957771644, -1593.3498131498384], [19.79055403854249, -1593.3058046685967]]}