{"c44": 30.53962270992873, "B": 123.34008444677815, "E_vs_V": [[11.917648854259564, -1593.0789479697346], [12.31490381606822, -1593.2111889656626], [12.712158777876873, -1593.3208484134998], [13.109413739685523, -1593.4104438472032], [13.50666870149418, -1593.4824822472135], [13.90392366330282, -1593.539218675332], [14.301178625111486, -1593.5823119671486], [14.698433586920125, -1593.613564801735], [15.095688548728784, -1593.6343061166986], [15.492943510537437, -1593.645524897687], [15.89019847234609, -1593.6480739181295], [16.287453434154738, -1593.6429831837409], [16.684708395963405, -1593.6311951950322], [17.08196335777204, -1593.6135175307038], [17.479218319580703, -1593.590467504159], [17.876473281389334, -1593.5625009165067], [18.273728243198015, -1593.5300874666575], [18.670983205006653, -1593.494145399407], [19.068238166815306, -1593.4551153183018], [19.465493128623947, -1593.4132662026975], [19.86274809043261, -1593.3688385688486]], "c66": 37.190202797347844, "c13": 96.29285574880086, "c12": 98.81487936742239, "c11": 171.73712105794542, "c33": 184.172675770803}