{"c44": 33.523387101979985, "B": 125.1943910765587, "E_vs_V": [[15.262197155205497, -1680.0269053672332], [15.6638339001918, -1593.650828188313], [16.065470666863387, -1593.654880599784], [16.467107433534974, -1593.6522283355575], [16.86874420020655, -1593.6425341657582], [17.270380966878147, -1593.624549358176], [17.672017733549794, -1593.9461301772703]], "c66": 55.58080936543956, "c13": 105.64036273573109, "c12": 71.76405856860193, "c11": 210.32838799757374, "c33": -78.51176824167803}