{"c44": 61.565190569945656, "B": 126.5080184754559, "E_vs_V": [[11.967883380970113, -1593.2178883570361], [12.366812827002454, -1593.3170805288494], [12.765742273034784, -1593.395571061422], [13.164671719067128, -1593.4628967337942], [13.563601165099456, -1593.5223950215106], [13.962530611131795, -1593.5741652895551], [14.361460057164125, -1593.6166345837316], [14.760389503196476, -1593.6484704018696], [15.1593189492288, -1593.6694112110981], [15.55824839526115, -1593.679135222132], [15.95717784129348, -1593.6811991545949], [16.356107287325813, -1593.6754236306697], [16.755036733358157, -1593.6625364587956], [17.15396617939049, -1593.643146419921], [17.552895625422817, -1593.6173566483046], [17.951825071455172, -1593.5849240200512], [18.3507545174875, -1593.5456589191099], [18.749683963519846, -1593.4996866324975], [19.14861340955218, -1593.447590508036], [19.547542855584528, -1593.3906994597303], [19.94647230161685, -1593.3311641431012]], "c66": 55.746982367708625, "c13": 73.74867961424522, "c12": 89.11066193725517, "c11": 202.1000091422399, "c33": 265.53973895444534}