{"c44": 35.49141, "B": 129.51279855211413, "E_vs_V": [[12.01787746084932, -1593.0184360355], [12.418473376210958, -1593.160834455], [12.819062608660902, -1593.2807719225], [13.219665206934252, -1593.379903123], [13.620261122295892, -1593.4587946415], [14.020857037657525, -1593.5236736235], [14.421452953019175, -1593.5739206555], [14.822048868380838, -1593.611077182], [15.222644783742462, -1593.636630642], [15.623217824032299, -1593.651812202], [16.023836614465758, -1593.6577058105], [16.424432529827385, -1593.6543913295], [16.825028445189055, -1593.6445825915], [17.225624360550714, -1593.6288716325], [17.62622027591233, -1593.6073671285], [18.02681619127397, -1593.580674977], [18.4274121066356, -1593.5493709415], [18.828008021997256, -1593.5139633995], [19.228603937358898, -1593.474910491], [19.629199852720536, -1593.432491382], [20.029795768082206, -1593.3872655515]], "c66": 63.72596, "c13": 95.07496999999992, "c12": 81.3165699999999, "c11": 208.05518999999984, "c33": 207.0771199999998}