{"c44": 16.167139409289216, "c12": 130.79256675327676, "c11": 105.00436037400253, "B": 122.19649796018535, "E_vs_V": [[12.016567490534682, -1593.007507033097], [12.417119740219169, -1593.1572422977144], [12.817671989903664, -1593.2680001278563], [13.218224239588153, -1593.3505805547895], [13.618776489272639, -1593.412823830155], [14.019328738957142, -1593.461771724538], [14.419880988641614, -1593.4984611158095], [14.820433238326123, -1593.523698465426], [15.2209854880106, -1593.5415109299684], [15.621537737695082, -1593.5564276424639], [16.02208998737958, -1593.5633656409532], [16.422642237064064, -1593.561738156042], [16.823194486748555, -1593.552777106143], [17.22374673643304, -1593.5351348333766], [17.624298986117537, -1593.5105489539296], [18.024851235802032, -1593.480733090753], [18.42540348548651, -1593.447052569261], [18.825955735171004, -1593.4105566585251], [19.226507984855502, -1593.3720307098893], [19.627060234539982, -1593.3320506584207], [20.027612484224484, -1593.2910270831285]]}