{"c44": 20.91787165946808, "B": 138.0270201169564, "E_vs_V": [[12.18940048256437, -1593.263732583504], [12.595713831983183, -1593.2905388980723], [13.002027181401989, -1593.3437790531082], [13.408340530820807, -1593.4046529944028], [13.814653880239621, -1593.4644154246962], [14.220967229658429, -1593.5183130789133], [14.627280579077242, -1593.5630187153392], [15.03359392849606, -1593.597173380121], [15.439907277914859, -1593.6208132925917], [15.846220627333686, -1593.634378695498], [16.252533976752492, -1593.6384997951866], [16.6588473261713, -1593.633808694223], [17.065160675590135, -1593.6211636430908], [17.471474025008913, -1593.6015282921037], [17.877787374427747, -1593.5758053614072], [18.284100723846553, -1593.544801779873], [18.69041407326537, -1593.509172778017], [19.096727422684175, -1593.4695683792004], [19.503040772102995, -1593.4266328411154], [19.90935412152182, -1593.3809129042736], [20.315667470940614, -1593.3328695136963]], "c66": 34.24680305350353, "c13": 120.07322627000406, "c12": 112.40494202675612, "c11": 179.7377546897447, "c33": 177.86533583170996}