{"distance": [0.020000000000000018, 0.040000000000000036, 0.06000000000000005, 0.08000000000000007, 0.10000000000000009, 0.1200000000000001, 0.14000000000000012, 0.16000000000000014, 0.18000000000000016, 0.20000000000000018, 0.2200000000000002, 0.2400000000000002, 0.26000000000000023, 0.28000000000000025, 0.30000000000000027, 0.3200000000000003, 0.3400000000000003, 0.3600000000000003, 0.38000000000000034, 0.40000000000000036, 0.4200000000000004, 0.4400000000000004, 0.4600000000000004, 0.4800000000000004, 0.5000000000000004, 0.5200000000000005, 0.5400000000000005, 0.5600000000000005, 0.5800000000000005, 0.6000000000000005, 0.6200000000000006, 0.6400000000000006, 0.6600000000000006, 0.6800000000000006, 0.7000000000000006, 0.7200000000000006, 0.7400000000000007, 0.7600000000000007, 0.7800000000000007, 0.8000000000000007, 0.8200000000000007, 0.8400000000000007, 0.8600000000000008, 0.8800000000000008, 0.9000000000000008, 0.9200000000000008, 0.9400000000000008, 0.9600000000000009, 0.9800000000000009, 1.0000000000000009, 1.020000000000001, 1.040000000000001, 1.060000000000001, 1.080000000000001, 1.100000000000001, 1.120000000000001, 1.140000000000001, 1.160000000000001, 1.180000000000001, 1.200000000000001, 1.220000000000001, 1.240000000000001, 1.2600000000000011, 1.2800000000000011, 1.3000000000000012, 1.3200000000000012, 1.3400000000000012, 1.3600000000000012, 1.3800000000000012, 1.4000000000000012, 1.4200000000000013, 1.4400000000000013, 1.4600000000000013, 1.4800000000000013, 1.5000000000000013, 1.5200000000000014, 1.5400000000000014, 1.5600000000000014, 1.5800000000000014, 1.6000000000000014, 1.6200000000000014, 1.6400000000000015, 1.6600000000000015, 1.6800000000000015, 1.7000000000000015, 1.7200000000000015, 1.7400000000000015, 1.7600000000000016, 1.7800000000000016, 1.8000000000000016, 1.8200000000000016, 1.8400000000000016, 1.8600000000000017, 1.8800000000000017, 1.9000000000000017, 1.9200000000000017, 1.9400000000000017, 1.9600000000000017, 1.9800000000000018, 2.0000000000000018], "energy": [-3186.896337956, -3186.858910352, -3186.819587028, -3186.778545115, -3186.735759694, -3186.691193556, -3186.645079791, -3186.597844718, -3186.54986918, -3186.501271576, -3186.451086937, -3186.400646772, -3186.349629469, -3186.297741084, -3186.245138319, -3186.191815176, -3186.137527502, -3186.082415848, -3186.026633441, -3185.97021373, -3185.913033211, -3185.855241507, -3185.796564838, -3185.737319349, -3185.677330421, -3185.616494116, -3185.554875948, -3185.492616631, -3185.429628978, -3185.366141863, -3185.302139306, -3185.23761975, -3185.172532855, -3185.106815794, -3185.040605431, -3184.973621926, -3184.906012816, -3184.836891825, -3184.768294749, -3184.699563037, -3184.630593292, -3184.561554095, -3184.492398515, -3184.423191767, -3184.353892459, -3184.284483802, -3184.214968845, -3184.1454901, -3184.075909973, -3184.006372793, -3183.936945196, -3183.867673456, -3183.798538327, -3183.729594947, -3183.660977055, -3183.592583358, -3183.524363895, -3183.456520846, -3183.389009877, -3183.321954927, -3183.255207323, -3183.188940718, -3183.123222411, -3183.058044734, -3182.993374692, -3182.929303931, -3182.865808269, -3182.803006405, -3182.740906864, -3182.679390702, -3182.618504011, -3182.558298052, -3182.498799668, -3182.4399499, -3182.381780077, -3182.324251298, -3182.267431304, -3182.211302225, -3182.155975162, -3182.101281538, -3182.04735958, -3181.994126353, -3181.941674328, -3181.889948059, -3181.839090675, -3181.788777955, -3181.739243553, -3181.690353275, -3181.642205684, -3181.594756942, -3181.548041438, -3181.502074824, -3181.456742357, -3181.412145503, -3181.368192587, -3181.324919698, -3181.282389237, -3181.24047564, -3181.199205774, -3181.158583036]}