{"dimer_energy": [-3081.6271793549495, 25490.44475267043, 2956.3161423201745, -2760.7485710719666, -3168.4328670952345, -3161.052230464975, -3170.301328114587, -3176.546894507068, -3178.001613880324, -3178.166046387303, -3178.148173523934, -3177.9906147888787, -3177.681637418761, -3177.2877509618, -3176.8765072185315, -3176.480483020763, -3176.106670172726, -3175.754545956408, -3175.425545025445, -3175.1237973581424, -3174.8532708168577, -3174.6152633921624, -3174.40766969998, -3174.225769801431, -3174.063707373017, -3173.9159173376997, -3173.7780929135583, -3173.6475908781254, -3173.5233676568105, -3173.4056177965253, -3173.2952865851867, -3173.1935890056207, -3173.101616548681, -3173.0200680609464, -3172.9491075638784, -3172.888331668677, -3172.8368196715423, -3172.793237529496, -3172.755969708056, -3172.7232579927754, -3172.6933321226393, -3172.6645225258126, -3172.635349998443, -3172.6045906804434, -3172.5713171700468, -3172.534918212777, -3172.495100275747, -3172.4518746551626, -3172.405533725498, -3172.356619657798, -3172.305888516474, -3172.254272166157, -3172.202839935794, -3172.1527615308783, -3172.1052722764666, -3172.061641422952, -3172.0231439558934, -3171.991036118118, -3171.966534671734, -3171.9507997930996], "dimer_distance": [1.0, 1.1, 1.2000000000000002, 1.3000000000000003, 1.4000000000000004, 1.5000000000000004, 1.6000000000000005, 1.7000000000000006, 1.8000000000000007, 1.9000000000000008, 2.000000000000001, 2.100000000000001, 2.200000000000001, 2.300000000000001, 2.4000000000000012, 2.5000000000000013, 2.6000000000000014, 2.7000000000000015, 2.8000000000000016, 2.9000000000000017, 3.0000000000000018, 3.100000000000002, 3.200000000000002, 3.300000000000002, 3.400000000000002, 3.500000000000002, 3.6000000000000023, 3.7000000000000024, 3.8000000000000025, 3.9000000000000026, 4.000000000000003, 4.100000000000003, 4.200000000000003, 4.3000000000000025, 4.400000000000003, 4.5000000000000036, 4.600000000000003, 4.700000000000003, 4.800000000000003, 4.900000000000004, 5.0000000000000036, 5.100000000000003, 5.200000000000004, 5.300000000000004, 5.400000000000004, 5.5000000000000036, 5.600000000000004, 5.700000000000005, 5.800000000000004, 5.900000000000004, 6.000000000000004, 6.100000000000005, 6.200000000000005, 6.300000000000004, 6.400000000000005, 6.500000000000005, 6.600000000000005, 6.700000000000005, 6.800000000000005, 6.900000000000006]}