{"c44": 21.674284527484783, "c12": 132.16704219533221, "c11": 143.03252965710033, "B": 135.78887134925492, "E_vs_V": [[11.998669439651481, -1593.4147692711867], [12.398625087639868, -1593.3781951312455], [12.798580735628244, -1593.3834533549955], [13.198536383616622, -1593.4110519318008], [13.598492031605007, -1593.4482231199438], [13.998447679593395, -1593.486860565877], [14.398403327581773, -1593.5220315037122], [14.798358975570157, -1593.5509226781585], [15.198314623558533, -1593.5721049866006], [15.598270271546928, -1593.5847334372545], [15.998225919535304, -1593.5880920909062], [16.398181567523682, -1593.582954179604], [16.79813721551207, -1593.5700889642758], [17.198092863500452, -1593.5500350334137], [17.59804851148884, -1593.523827696511], [17.998004159477215, -1593.4924254149166], [18.39795980746561, -1593.4566614409175], [18.79791545545397, -1593.417257571663], [19.197871103442363, -1593.374835635982], [19.597826751430745, -1593.3299277376605], [19.997782399419123, -1593.2829857444585]]}