{"c44": 23.746873276204212, "c12": 120.18040567071036, "c11": 132.63273424806243, "B": 124.33118186316104, "E_vs_V": [[11.98482444241485, -1593.078516783495], [12.384318590495349, -1593.2047713046536], [12.783812738575843, -1593.3003636907395], [13.183306886656345, -1593.3761755755515], [13.582801034736836, -1593.4375818355206], [13.98229518281732, -1593.4871814340488], [14.381789330897835, -1593.526268469736], [14.781283478978311, -1593.555597561111], [15.180777627058818, -1593.5757597830052], [15.580271775139307, -1593.587201348509], [15.979765923219803, -1593.590064586292], [16.3792600713003, -1593.5851506069018], [16.77875421938079, -1593.5732342698793], [17.178248367461283, -1593.5547818912164], [17.577742515541775, -1593.5305868687237], [17.977236663622293, -1593.5014385883028], [18.376730811702767, -1593.4680648020867], [18.776224959783267, -1593.431132097242], [19.17571910786376, -1593.3912459695268], [19.575213255944256, -1593.3489514767755], [19.974707404024763, -1593.3047348132204]]}