{"c44": 21.333133700954335, "B": 139.5127147167047, "E_vs_V": [[12.115982544792002, -1593.257359633011], [12.519848629618407, -1593.284520663071], [12.923714714444813, -1593.3410275808208], [13.327580799271201, -1593.403580995713], [13.73144688409761, -1593.464282402008], [14.135312968924012, -1593.5189813444597], [14.539179053750406, -1593.5646699320478], [14.943045138576814, -1593.5997197443658], [15.346911223403206, -1593.6241964023266], [15.750777308229607, -1593.638557147105], [16.15464339305601, -1593.643510924438], [16.558509477882403, -1593.6396409108697], [16.962375562708818, -1593.6276786964675], [17.3662416475352, -1593.6086511978692], [17.770107732361616, -1593.5835148532565], [18.173973817188006, -1593.5531440923876], [18.57783990201441, -1593.5181747849244], [18.981705986840808, -1593.4791127361639], [19.385572071667223, -1593.436638550993], [19.7894381564936, -1593.3977948263228], [20.193304241320018, -1593.351397310281]], "c66": 34.71832367167562, "c13": 120.55832966246977, "c12": 113.53105924595648, "c11": 182.6884145091761, "c33": 181.11070450739763}