{"c44": 35.74736, "B": 126.22132056118275, "E_vs_V": [[12.104940841569729, -1593.0654168225], [12.508438869622053, -1593.1984487175], [12.911936897674364, -1593.309804992], [13.315434925726695, -1593.4015641545], [13.71893295377902, -1593.477008983], [14.122430981831346, -1593.5368513505], [14.525929009883665, -1593.582797342], [14.929427037935996, -1593.6162762765], [15.332925065988327, -1593.6385813695], [15.736423094040637, -1593.650979174], [16.139921122092968, -1593.6544580415], [16.54341915014529, -1593.649913113], [16.94691717819762, -1593.6382925485], [17.35041520624994, -1593.6203294065], [17.753913234302264, -1593.5966576455], [18.157411262354582, -1593.5678926915], [18.560909290406908, -1593.534592621], [18.964407318459244, -1593.497288723], [19.36790534651157, -1593.4564298095], [19.771403374563878, -1593.4124395595], [20.17490140261621, -1593.3657433215]], "c66": 64.15983, "c13": 90.83390999999993, "c12": 77.63710999999992, "c11": 206.43390999999983, "c33": 204.92760999999982}