{"c44": 51.73880744657741, "c12": 134.94306768533247, "c11": 149.9795330946698, "B": 139.95522282177822, "E_vs_V": [[11.70367835597454, -1593.010284707041], [12.093800967840352, -1593.151808906665], [12.483923579706175, -1593.2680551085311], [12.874046191571994, -1593.3642648916357], [13.264168803437808, -1593.4434754815375], [13.654291415303621, -1593.5075573766155], [14.044414027169452, -1593.5577788719527], [14.434536639035258, -1593.5951079454485], [14.824659250901089, -1593.6203692560998], [15.214781862766893, -1593.634322113785], [15.604904474632718, -1593.638065123758], [15.995027086498533, -1593.6335457514494], [16.38514969836436, -1593.621659006573], [16.775272310230164, -1593.6033373044065], [17.165394922095988, -1593.580407187548], [17.555517533961815, -1593.553585829064], [17.94564014582763, -1593.5233126192663], [18.33576275769344, -1593.4899457947163], [18.72588536955927, -1593.4537825830835], [19.11600798142509, -1593.4150742309032], [19.506130593290898, -1593.3740372361262]]}