{"c44": -570.7629361038604, "c12": 3403.568770698517, "c11": 6083.760463255874, "B": 4296.966001550969, "E_vs_V": [[13.574285673067237, -1602.0914802020511], [14.026761862169483, -1594.7624466273796], [14.479238051271706, -1593.658300080317], [14.931714240373958, -1593.5554999987748], [15.384190429476195, -1593.5611243038825], [15.83666661857844, -1593.5650242752404], [16.289142807680687, -1593.5598371438195], [16.741618996782915, -1593.5512908517817], [17.19409518588517, -1593.568243819635], [17.646571374987396, -1593.6412210372896], [18.099047564089645, -1593.7140769891507], [18.551523753191884, -1593.4894242235118], [19.003999942294122, -1592.2471959834097], [19.45647613139637, -1588.6843029070537], [19.908952320498592, -1580.8108808845086], [20.36142850960086, -1565.9198959946611], [20.813904698703087, -1540.6340166135728], [21.26638088780534, -1501.0304547766232], [21.718857076907582, -1442.8509800493143], [22.171333266009803, -1361.816571114798], [22.623809455112056, -1254.0797800713722]]}