{"c44": 33.1848, "c12": 127.51649499999989, "c11": 111.14894999999989, "B": 122.06064666666656, "E_vs_V": [[11.942492098903175, -1593.038431168], [12.340575168866625, -1593.155551511], [12.738658238830052, -1593.2538494095], [13.136741308793496, -1593.335580928], [13.534824378756927, -1593.402512077], [13.932907448720373, -1593.4557706535], [14.330990518683814, -1593.4968695105], [14.72907358864726, -1593.527043337], [15.1271566586107, -1593.5474795865], [15.525239728574125, -1593.559000782], [15.923322798537571, -1593.562283244], [16.321405868501007, -1593.5604642535], [16.719488938464444, -1593.549317617], [17.11757200842789, -1593.532381578], [17.515655078391333, -1593.509735974], [17.913738148354767, -1593.4821614225], [18.3118212183182, -1593.450148702], [18.70990428828166, -1593.4142555635], [19.107987358245083, -1593.3747748395], [19.506070428208513, -1593.332157499], [19.904153498171965, -1593.2871034135]]}