{"c44": 19.87215033860854, "c12": 127.99920960658125, "c11": 136.48664367879238, "B": 130.82835429731827, "E_vs_V": [[12.007908444949003, -1593.390795474972], [12.408172059780625, -1593.3673412916382], [12.808435674612257, -1593.3784213189067], [13.208699289443896, -1593.4083095560077], [13.608962904275513, -1593.446069377182], [14.009226519107166, -1593.4844793476325], [14.409490133938794, -1593.5190590610916], [14.80975374877042, -1593.5472714346], [15.210017363602054, -1593.567906997736], [15.610280978433694, -1593.5802391493821], [16.010544593265323, -1593.5835279647952], [16.41080820809695, -1593.5786314278562], [16.811071822928604, -1593.5663072218083], [17.211335437760226, -1593.5468278310018], [17.611599052591853, -1593.5211550614763], [18.011862667423475, -1593.4902017308184], [18.412126282255123, -1593.4547695418407], [18.81238989708676, -1593.4155633076298], [19.21265351191839, -1593.373201467541], [19.612917126750016, -1593.3282246357358], [20.01318074158165, -1593.2811031184215]]}