{"distance": [0.020000000000000018, 0.040000000000000036, 0.06000000000000005, 0.08000000000000007, 0.10000000000000009, 0.1200000000000001, 0.14000000000000012, 0.16000000000000014, 0.18000000000000016, 0.20000000000000018, 0.2200000000000002, 0.2400000000000002, 0.26000000000000023, 0.28000000000000025, 0.30000000000000027, 0.3200000000000003, 0.3400000000000003, 0.3600000000000003, 0.38000000000000034, 0.40000000000000036, 0.4200000000000004, 0.4400000000000004, 0.4600000000000004, 0.4800000000000004, 0.5000000000000004, 0.5200000000000005, 0.5400000000000005, 0.5600000000000005, 0.5800000000000005, 0.6000000000000005, 0.6200000000000006, 0.6400000000000006, 0.6600000000000006, 0.6800000000000006, 0.7000000000000006, 0.7200000000000006, 0.7400000000000007, 0.7600000000000007, 0.7800000000000007, 0.8000000000000007, 0.8200000000000007, 0.8400000000000007, 0.8600000000000008, 0.8800000000000008, 0.9000000000000008, 0.9200000000000008, 0.9400000000000008, 0.9600000000000009, 0.9800000000000009, 1.0000000000000009, 1.020000000000001, 1.040000000000001, 1.060000000000001, 1.080000000000001, 1.100000000000001, 1.120000000000001, 1.140000000000001, 1.160000000000001, 1.180000000000001, 1.200000000000001, 1.220000000000001, 1.240000000000001, 1.2600000000000011, 1.2800000000000011, 1.3000000000000012, 1.3200000000000012, 1.3400000000000012, 1.3600000000000012, 1.3800000000000012, 1.4000000000000012, 1.4200000000000013, 1.4400000000000013, 1.4600000000000013, 1.4800000000000013, 1.5000000000000013, 1.5200000000000014, 1.5400000000000014, 1.5600000000000014, 1.5800000000000014, 1.6000000000000014, 1.6200000000000014, 1.6400000000000015, 1.6600000000000015, 1.6800000000000015, 1.7000000000000015, 1.7200000000000015, 1.7400000000000015, 1.7600000000000016, 1.7800000000000016, 1.8000000000000016, 1.8200000000000016, 1.8400000000000016, 1.8600000000000017, 1.8800000000000017, 1.9000000000000017, 1.9200000000000017, 1.9400000000000017, 1.9600000000000017, 1.9800000000000018, 2.0000000000000018], "energy": [-3186.9163694179097, -3186.8779806819553, -3186.838743758591, -3186.799178637657, -3186.759647489729, -3186.720162155608, -3186.67959016784, -3186.6377435787786, -3186.594580379308, -3186.550021139686, -3186.5039713175915, -3186.4563453888018, -3186.4070939124313, -3186.3562323102765, -3186.3038658299115, -3186.250198552462, -3186.195504951786, -3186.1400297738314, -3186.0837782562016, -3186.0266110522903, -3185.968567754247, -3185.9097261836523, -3185.8501933821403, -3185.790107330568, -3185.729637102967, -3185.6689818012255, -3185.608368663666, -3185.54803739504, -3185.4863549064858, -3185.422267684009, -3185.3561129650516, -3185.2882536665, -3185.219070331088, -3185.1489507261417, -3185.078276818874, -3185.0074093071225, -3184.9366705366747, -3184.8663274431756, -3184.796577037227, -3184.7275377826268, -3184.659250832836, -3184.5916952785824, -3184.524821066671, -3184.458601784595, -3184.3931067431204, -3184.3285873801196, -3184.2655665884345, -3184.204891939157, -3184.1461600868392, -3184.086650995544, -3184.026267200613, -3183.965138990071, -3183.9034089648717, -3183.8412274691827, -3183.778748040437, -3183.716123052565, -3183.6534997159674, -3183.5910165817377, -3183.5288006760957, -3183.466965364838, -3183.4056090179324, -3183.344814512331, -3183.2846495778444, -3183.2251679577957, -3183.1664113243187, -3183.108411858742, -3183.0511953815135, -3182.9947848945144, -3182.939204382019, -3182.884482705615, -3182.8306574233875, -3182.7777783647216, -3182.7253534404404, -3182.6727503072416, -3182.620070081954, -3182.5674401704714, -3182.51501175441, -3182.462959035086, -3182.4114775310563, -3182.3607814432166, -3182.3111001343573, -3182.26267380196, -3182.2157484528743, -3182.170570315364, -3182.127379847027, -3182.0864055155293, -3182.047857542302, -3182.0119218069253, -3181.978754111511, -3181.9484749998705, -3181.9211653156653, -3181.8968626672304, -3181.875558944785, -3181.856993715777, -3181.840860555475, -3181.8270137904665, -3181.8152654446335, -3181.8053890668753, -3181.7971247947544, -3181.790185549417]}