{"c44": 41.1556593503786, "B": 140.98520346211302, "E_vs_V": [[12.231319821937328, -1593.1241561124775], [12.639030482668565, -1593.25666926319], [13.046741143399815, -1593.3510888852393], [13.45445180413106, -1593.423800232331], [13.862162464862294, -1593.4833087324682], [14.269873125593545, -1593.5341334926068], [14.677583786324798, -1593.5769114206294], [15.085294447056034, -1593.610659104016], [15.493005107787285, -1593.6343925692174], [15.900715768518522, -1593.6477142851793], [16.308426429249767, -1593.6508701742753], [16.716137089981014, -1593.6450923014756], [17.12384775071225, -1593.6314939231138], [17.53155841144349, -1593.6112575273373], [17.939269072174742, -1593.5855963813215], [18.346979732905996, -1593.5554171665074], [18.754690393637226, -1593.5238464398826], [19.162401054368484, -1593.487112652966], [19.570111715099728, -1593.4466337484473], [19.977822375830964, -1593.4029442228039], [20.3855330365622, -1593.3568060981022]], "c66": 49.67507490214301, "c13": 110.49228238298167, "c12": 97.71409525618195, "c11": 205.74087957515107, "c33": 222.90533003663947}